-- category
create table ml_cms.category
(
    `id`      bigint auto_increment            comment '主键' primary key,
    `title`   varchar(128) not null default '' comment '标题',
    `idx`     bigint       not null default 0  comment '序号',
    `info`    varchar(512) not null default '' comment '描述',
    `version` bigint       not null default 0  comment '数据版本',
    `deleted` tinyint      not null default 0  comment '0未删除，1已删除',
    `created` datetime     not null default current_timestamp comment '创建时间',
    `updated` datetime     not null default current_timestamp comment '修改时间'
) comment '课程类别表';

-- category
insert into ml_cms.category (`id`, `title`, `info`, `idx`)
values
    (1, 'Java核心语言基础', '涵盖Java语言入门、变量与数据类型、流程控制、面向对象（类、对象、继承、多态）、集合框架等核心知识，夯实Java编程基础', 1),
    (2, 'Java企业开发基础', '聚焦Java企业级开发必备技能，包括IO流、多线程、网络编程、JDBC数据库操作、MySQL基础及事务管理等，衔接基础与实战', 2),
    (3, 'Java框架与中间件', '讲解Java开发常用框架及中间件技术，如Spring、SpringMVC、MyBatis等主流框架，以及Redis缓存、RabbitMQ消息队列等中间件应用', 3),
    (4, 'Java人工智能开发', '结合Java语言特性与AI技术栈，涵盖机器学习基础、深度学习框架（如DL4J）、数据处理工具及AI项目实战，实现Java与AI的融合应用', 4),
    (5, 'Java微服务全家桶', '系统讲解微服务架构核心技术，包括SpringBoot、SpringCloud Alibaba、Nacos、Sentinel、Gateway等组件，掌握微服务设计与开发能力', 5);
-- course
create table ml_cms.course
(
    `id`             bigint auto_increment               comment '主键' primary key,
    `title`          varchar(128)  not null default ''   comment '标题',
    `author`         varchar(128)  not null default ''   comment '作者',
    `fk_category_id` bigint                              comment '类别ID，类别表外键',
    `summary`        varchar(256)  not null default ''   comment '摘要图地址',
    `cover`          varchar(256)  not null default ''   comment '封面图地址',
    `price`          decimal(8, 2) not null default 0.00 comment '单价，单位元',
    `idx`            bigint        not null default 0    comment '序号',
    `info`           varchar(512)  not null default ''   comment '描述',
    `version`        bigint        not null default 0    comment '数据版本',
    `deleted`        tinyint       not null default 0    comment '0未删除，1已删除',
    `created`        datetime      not null default current_timestamp comment '创建时间',
    `updated`        datetime      not null default current_timestamp comment '修改时间'
) comment '课程表';

-- course
insert into ml_cms.course(`id`, `title`, `author`, `fk_category_id`, `info`, `summary`, `cover`, `price`, `idx`)
values
    ( 1, 'JB1-1-新手村',         '赵四', 1,  '从零开始搭建Java开发环境，掌握基础语法与编译运行，迈入编程大门', 'default-course-summary.jpg', 'default-course-cover.jpg', 11100.00, 1),
    ( 2, 'JB1-2-基础启航',       '刘能', 1,  '深入学习Java变量、数据类型、流程控制，夯实编程核心基础', 'default-course-summary.jpg', 'default-course-cover.jpg', 11200.00, 2),
    ( 3, 'JB1-3-面向对象',       '刘能', 1,  '掌握封装、继承、多态三大特性，理解面向对象设计思想', 'default-course-summary.jpg', 'default-course-cover.jpg', 11300.00, 3),
    ( 4, 'JB1-4-高级进阶',       '广坤', 1,  '学习异常处理、集合框架、IO流，提升Java代码健壮性', 'default-course-summary.jpg', 'default-course-cover.jpg', 11400.00, 4),
    ( 5, 'JB1-5-数据结构',       '广坤', 1,  '详解线性表、树、图等常用数据结构，提升算法思维能力', 'default-course-summary.jpg', 'default-course-cover.jpg', 11500.00, 5),
    ( 6, 'JB1-6-虚拟内存',       '广坤', 1,  '剖析操作系统虚拟内存原理，理解程序运行底层机制', 'default-course-summary.jpg', 'default-course-cover.jpg', 11600.00, 6),
    ( 7, 'JB1-7-并发编程',       '永强', 1,  '学习线程、锁、线程池，掌握高并发场景下的编程技巧', 'default-course-summary.jpg', 'default-course-cover.jpg', 11700.00, 7),
    ( 8, 'JB1-8-设计模式',       '永强', 1,  '掌握23种经典设计模式，写出可复用、易扩展的优质代码', 'default-course-summary.jpg', 'default-course-cover.jpg', 11800.00, 8),
    ( 9, 'JB1-9-网络编程',       '永强', 1,  '基于Socket实现网络通信，理解TCP/IP协议与数据传输', 'default-course-summary.jpg', 'default-course-cover.jpg', 11900.00, 9),
    (10, 'JB2-1-Linux',         '永强', 2,  '掌握Linux常用命令、权限管理与服务器部署操作', 'default-course-summary.jpg', 'default-course-cover.jpg', 12100.00, 1),
    (11, 'JB2-2-Docker',        '小蒙', 2,  '学习容器化技术，实现项目快速打包、部署与环境隔离', 'default-course-summary.jpg', 'default-course-cover.jpg', 12200.00, 2),
    (12, 'JB2-3-MySQL',         '小蒙', 2,  '精通MySQL增删改查、索引优化、事务与锁机制', 'default-course-summary.jpg', 'default-course-cover.jpg', 12300.00, 3),
    (13, 'JB2-4-JDBC',          '小蒙', 2,  '通过JDBC实现Java与数据库交互，掌握数据持久化基础', 'default-course-summary.jpg', 'default-course-cover.jpg', 12400.00, 4),
    (14, 'JB2-5-Tomcat',        '小蒙', 2,  '学习Web服务器配置、项目部署与性能调优技巧', 'default-course-summary.jpg', 'default-course-cover.jpg', 12500.00, 5),
    (15, 'JB2-6-Servlet',       '小蒙', 2,  '掌握Servlet核心API，开发基础JavaWeb应用程序', 'default-course-summary.jpg', 'default-course-cover.jpg', 12600.00, 6),
    (16, 'JB2-7-HTML',          '飞机', 2,  '学习HTML5标签与语义化开发，搭建网页基础结构', 'default-course-summary.jpg', 'default-course-cover.jpg', 12700.00, 7),
    (17, 'JB2-8-CSS',           '飞机', 2,  '精通CSS3样式、布局与动画效果，美化前端页面', 'default-course-summary.jpg', 'default-course-cover.jpg', 12800.00, 8),
    (18, 'JB2-9-JavaScript',    '飞机', 2,  '掌握JS核心语法、DOM操作与事件处理，实现网页交互', 'default-course-summary.jpg', 'default-course-cover.jpg', 12900.00, 9),
    (19, 'JB3-1-MyBatis',       '飞机', 3,  '学习持久层框架，简化数据库操作，实现ORM映射', 'default-course-summary.jpg', 'default-course-cover.jpg', 13100.00, 1),
    (20, 'JB3-2-Spring',        '飞机', 3,  '掌握IOC、AOP核心思想，搭建企业级开发基础框架', 'default-course-summary.jpg', 'default-course-cover.jpg', 13200.00, 2),
    (21, 'JB3-3-SpringMVC',     '飞机', 3,  '学习MVC架构模式，实现请求分发与页面数据交互', 'default-course-summary.jpg', 'default-course-cover.jpg', 13300.00, 3),
    (22, 'JB3-4-SpringBoot',    '长山', 3,  '快速构建Spring应用，自动配置与微服务开发入门', 'default-course-summary.jpg', 'default-course-cover.jpg', 13400.00, 4),
    (23, 'JB3-5-Redis',         '长山', 3,  '学习高性能缓存技术，解决高并发数据读取瓶颈', 'default-course-summary.jpg', 'default-course-cover.jpg', 13500.00, 5),
    (24, 'JB3-6-Elasticsearch', '长山', 3,  '实现海量数据全文检索，搭建高效搜索服务', 'default-course-summary.jpg', 'default-course-cover.jpg', 13600.00, 6),
    (25, 'JB3-7-MongoDB',       '长山', 3,  '学习非关系型数据库，适配大数据与分布式存储场景', 'default-course-summary.jpg', 'default-course-cover.jpg', 13700.00, 7),
    (26, 'JB3-8-Nginx',         '长山', 3,  '搭建反向代理与负载均衡服务器，提升系统并发能力', 'default-course-summary.jpg', 'default-course-cover.jpg', 13800.00, 8),
    (27, 'JB3-9-Vue',           '长山', 3,  '学习前端框架，开发响应式、组件化的现代Web应用', 'default-course-summary.jpg', 'default-course-cover.jpg', 13900.00, 9),
    (28, 'JB4-1-注册中心',       '长山', 4,  '基于Nacos/Eureka实现服务注册与发现，管理微服务节点', 'default-course-summary.jpg', 'default-course-cover.jpg', 14100.00, 1),
    (29, 'JB4-2-远程调用',       '王云', 4,  '使用Feign/RestTemplate实现微服务间接口通信', 'default-course-summary.jpg', 'default-course-cover.jpg', 14200.00, 2),
    (30, 'JB4-3-流量卫兵',       '王云', 4,  '通过Sentinel实现限流、熔断、降级，保障服务稳定性', 'default-course-summary.jpg', 'default-course-cover.jpg', 14300.00, 3),
    (31, 'JB4-4-服务网关',       '王云', 4,  '搭建Gateway网关，统一请求入口、路由转发与权限校验', 'default-course-summary.jpg', 'default-course-cover.jpg', 14400.00, 4),
    (32, 'JB4-5-链路追踪',       '王云', 4,  '使用SkyWalking追踪微服务调用链路，快速定位故障', 'default-course-summary.jpg', 'default-course-cover.jpg', 14500.00, 5),
    (33, 'JB4-6-消息队列',       '王云', 4,  '基于RabbitMQ/Kafka实现异步通信，削峰填谷', 'default-course-summary.jpg', 'default-course-cover.jpg', 14600.00, 6),
    (34, 'JB4-7-事务机制',       '王云', 4,  '解决分布式事务问题，保证跨服务数据一致性', 'default-course-summary.jpg', 'default-course-cover.jpg', 14700.00, 7),
    (35, 'JB4-8-任务调度',       '王云', 4,  '使用Quartz/XXL-Job实现定时任务，自动化业务处理', 'default-course-summary.jpg', 'default-course-cover.jpg', 14800.00, 8),
    (36, 'JB4-9-人工智能',       '王云', 4,  'AI技术入门，结合Java实现简单智能应用与算法集成', 'default-course-summary.jpg', 'default-course-cover.jpg', 14900.00, 9);
-- season
create table ml_cms.season
(
    `id`           bigint auto_increment            comment '主键' primary key,
    `title`        varchar(128) not null default '' comment '标题',
    `info`         varchar(512) not null default '' comment '描述',
    `fk_course_id` bigint                           comment '课程表ID，课程表外键',
    `idx`          bigint       not null default 0  comment '序号',
    `version`      bigint       not null default 0  comment '数据版本',
    `deleted`      tinyint      not null default 0  comment '0未删除，1已删除',
    `created`      datetime     not null default current_timestamp comment '创建时间',
    `updated`      datetime     not null default current_timestamp comment '修改时间'
) comment '季次表';

-- season
insert into ml_cms.season (`id`, `title`, `idx`, `fk_course_id`)
values
    (1, '学前准备工作', 1, 1), (2, '基础环境搭建', 2, 1), (3, '集成开发工具', 3, 1), (4, '项目管理工具', 4, 1), (5, '项目测试工具', 5, 1), (6, '项目协同工具', 6, 1),
    (7, '文档化编程思想', 1, 2), (8, '输出与特殊字符', 2, 2), (9, '常量与特殊进制', 3, 2), (10, '变量与代码沼泽', 4, 2), (11, '基本数据的类型', 5, 2), (12, '引用数据的类型', 6, 2), (13, '常用运算符专题', 7, 2), (14, '流控之选择结构', 8, 2), (15, '流控之循环结构', 9, 2), (16, '数据结构之数组', 10, 2),
    (17, 'OOP抽象思想', 1, 3), (18, 'OOP封装机制', 2, 3), (19, 'OOP继承机制', 3, 3), (20, 'OOP多态机制', 4, 3), (21, 'OOP特殊类型', 5, 3), (22, 'OOP代码优化', 6, 3),
    (23, '异常例外', 1, 4), (24, '泛型机制', 2, 4), (25, '常用容器', 3, 4), (26, '反射机制', 4, 4), (27, '流类操作', 5, 4), (28, '常用工具', 6, 4),
    (29, '数组数据结构', 1, 5), (30, '链表数据结构', 2, 5), (31, '树型数据结构', 3, 5), (32, '哈希数据结构', 4, 5),
    (33, '虚拟内存模型', 5, 6), (34, '类的加载原理', 6, 6), (35, '类的加载过程', 7, 6), (36, '类的使用过程', 8, 6), (37, '虚拟机栈内存', 5, 6), (38, '虚拟机堆内存', 6, 6), (39, '虚拟机方法区', 7, 6), (40, '垃圾回收机制', 8, 6),
    (41, '多线程基础入门', 1, 7), (42, '多线程内存模型', 2, 7), (43, '多线程同步代码', 3, 7), (44, '比较与交换算法', 4, 7), (45, '抽象排队同步器', 5, 7), (46, '多线程通信方式', 6, 7), (47, '多线程同步容器', 7, 7), (48, '线程池使用方案', 8, 7),
    (49, '单例设计模式', 1, 8), (50, '建造者设计模式', 2, 8), (51, '工厂设计模式', 3, 8), (52, '原型设计模式', 4, 8), (53, '结构型设计模式', 5, 8), (54, '行为型设计模式', 6, 8),
    (55, '同步非阻塞流', 1, 9), (56, 'Socket网络编程', 2, 9);
-- episode
create table ml_cms.episode
(
    `id`           bigint auto_increment            comment '主键' primary key,
    `title`        varchar(128) not null default '' comment '标题',
    `info`         varchar(512) not null default '' comment '描述',
    `video`        varchar(256) not null default '' comment '视频媒体地址',
    `cover`        varchar(256) not null default '' comment '视频封面地址',
    `fk_season_id` bigint                           comment '季次表ID，季次表外键',
    `idx`          bigint       not null default 0  comment '序号',
    `version`      bigint       not null default 0  comment '数据版本',
    `deleted`      tinyint      not null default 0  comment '0未删除，1已删除',
    `created`      datetime     not null default current_timestamp comment '创建时间',
    `updated`      datetime     not null default current_timestamp comment '修改时间'
) comment '集次表';


-- episode
insert into ml_cms.episode (`id`, `title`, `info`, `video`, `cover`, `idx`, `fk_season_id`)
values
    ( 1, 'Java语言年龄分代', '二进制，打孔机，汇编语言，面向过程，面向对象，面向结果等。','default-video.mp4', 'default-video-cover.jpg', 1, 1),
    ( 2, 'Java核心技术特点', '简单高效，强大类库，社区活跃，面向对象，健壮，安全，跨平台等。','default-video.mp4', 'default-video-cover.jpg', 2, 1),
    ( 3, 'Java学习路线分享', 'Java语言技术全栈学习线路分析图。','default-video.mp4', 'default-video-cover.jpg', 3, 1),
    ( 4, 'Java项目开发流程', '甲方提出需求，PM开发需求文档，审核需求文档，PM开发详细文档，PM设计产品原型，三方审核原型，QA开发测试用例，UI开发设计图，SE搭建项目环境，SE确定开发周期，SE前后端开发，SE前后端联调，SE项目交付，QA测试项目，甲方验收项目，OPS进行项目维护。','default-video.mp4', 'default-video-cover.jpg', 4, 1),
    ( 5, 'Java学习技巧分享', '向钱看，多喝水，跟人学，多搜索，讲出来，多画图，记笔记等。','default-video.mp4', 'default-video-cover.jpg', 5, 1),
    ( 6, 'Java学习笔记工具', 'Markdown 文字，标题，引用，代码，列表，表格，图片等。','default-video.mp4', 'default-video-cover.jpg', 6, 1),
    ( 7, 'Java学前环境准备', '清理计算机，关闭防火墙，卸载360等杀毒软件，拉低用户权限，常用计算机快捷键扫盲，展示文件拓展名，展示隐藏文件等。','default-video.mp4', 'default-video-cover.jpg', 7, 1),
    ( 8, 'Java开发环境搭建', 'JDK, JRE, JVM 概念入门与下载安装。','default-video.mp4', 'default-video-cover.jpg', 1, 2),
    ( 9, 'Java环境变量配置', '为何配置 path 变量，如何配置 path 变量等。','default-video.mp4', 'default-video-cover.jpg', 2, 2),
    (10, 'Java环境变量升级', '为何配置 JAVA_HOME 变量，如何配置 JAVA_HOME 变量等。','default-video.mp4', 'default-video-cover.jpg', 3, 2),
    (11, 'Java入门程序开发', 'HelloWorld 程序，javac.exe 命令，java.exe 命令等。','default-video.mp4', 'default-video-cover.jpg', 4, 2),
    (12, 'Java入门程序详解', '类，main() 方法，输出语句，代码通用要求与格式等。','default-video.mp4', 'default-video-cover.jpg', 5, 2),
    (13, 'IDEA开发工具安装', 'IDE概念，IDE产品，IDEA卸载，IDEA安装，IDEA破解等。','default-video.mp4', 'default-video-cover.jpg', 1, 3),
    (14, 'IDEA创建基础项目', '使用IDEA创建项目，开发 HelloWorld 代码，Java项目命名规范，Java包命名规范，Java类命名规范等','default-video.mp4', 'default-video-cover.jpg', 2, 3),
    (15, 'IDEA基础环境配置', '禁用IDEA自动更新，调整IDEA字体大小，设置IDEA字符编码，设置IDEA代码模板，隐藏IDEA配置文件，启用IDEA自动导包，展示方法分隔线，修改IDEA默认终端等','default-video.mp4', 'default-video-cover.jpg', 3, 3),
    (16, 'IDEA常用插件分享', 'Translation, Alibaba Java Coding Guidelines，Gitee, Maven Helpler, jclasslib Bytecode Viewer，Vue.js, Redis Helper, Archive Browser, Lombok 等','default-video.mp4', 'default-video-cover.jpg', 4, 3),
    (17, 'Maven项目管理工具', 'Maven概念，快速构建项目功能，统一依赖管理功能。','default-video.mp4', 'default-video-cover.jpg', 1, 4),
    (18, 'Maven管理工具安装', '检查Maven环境，下载Maven工具，配置Maven环境。','default-video.mp4', 'default-video-cover.jpg', 2, 4),
    (19, 'Maven本地仓库搭建', 'Maven仓库分类，Maven获取依赖的线路，配置Maven本地仓库。','default-video.mp4', 'default-video-cover.jpg', 3, 4),
    (20, 'Maven管理工具整合', '将Maven工具整合到IDEA中。','default-video.mp4', 'default-video-cover.jpg', 4, 4),
    (21, 'Maven父子项目创建', 'EP05. Maven父子项目创建。','default-video.mp4', 'default-video-cover.jpg', 5, 4),
    (22, 'Maven一键构建测试', 'mvn clean/compile/property/package/install 等命令。','default-video.mp4', 'default-video-cover.jpg', 6, 4),
    (23, 'Junit测试的使用规范', 'Junit测试类，测试方法，运行注解，前置注解，后置注解的规范。','default-video.mp4', 'default-video-cover.jpg', 1, 5),
    (24, 'Junit依赖的生效范围', 'property, compile, runtime, provided。','default-video.mp4', 'default-video-cover.jpg', 2, 5),
    (25, 'Junit依赖的版本管理', '在父项目中锁定Junit依赖的版本并管理Junit依赖。','default-video.mp4', 'default-video-cover.jpg', 3, 5),
    (26, 'Junit依赖的真实引入', '在子项目中引入Junit依赖。','default-video.mp4', 'default-video-cover.jpg', 4, 5),
    (27, '安装并整合Git服务端', 'Git概念，Git安装，Git存储分区，Git整合到IDEA。','default-video.mp4', 'default-video-cover.jpg', 1, 6),
    (28, '注册并整合Git远程库', '注册GitEE账号并整合GitEE到IDEA。','default-video.mp4', 'default-video-cover.jpg', 2, 6),
    (29, '分享项目到Git远程库', '创建项目，并分享项目到GitEE。','default-video.mp4', 'default-video-cover.jpg', 3, 6),
    (30, '邀请队友到Git项目组', '邀请其他成员到Git项目组。','default-video.mp4', 'default-video-cover.jpg', 4, 6),
    (31, '克隆项目到Git本地库', '使用IDEA克隆项目到本地，使用Git命令克隆项目到本地。','default-video.mp4', 'default-video-cover.jpg', 5, 6),
    (32, '推送代码到Git远程库', '使用IDEA推送修改后的内容，使用Git命令推送修改后的内容。','default-video.mp4', 'default-video-cover.jpg', 6, 6),
    (33, '代码的基本注释', '单行注释，多行注释，文档注释，TODO注释。','default-video.mp4', 'default-video-cover.jpg', 1, 7),
    (34, '产品的文档注释', '文档注释的意义，优点，文档注释中的常用注解，提取HTML文档的方式。','default-video.mp4', 'default-video-cover.jpg', 2, 7),
    (35, '换行与同行输出', '换行输出语句，不换行输出语句，空内容输出效果。','default-video.mp4', 'default-video-cover.jpg', 1, 8),
    (36, '格式化输出语句', '格式化输出语句使用方式，格式化输出语句常用占位符。','default-video.mp4', 'default-video-cover.jpg', 2, 8),
    (37, '输出基础表达式', '输出语句中允许直接使用表达式，+ 的字符串拼接效果。','default-video.mp4', 'default-video-cover.jpg', 3, 8),
    (38, '输出特殊的字符', '跳格，回行，换行，转义字符等。','default-video.mp4', 'default-video-cover.jpg', 4, 8),
    (39, '先天与后天常量', '先天常量，后天常量，final关键字，科学计数法。','default-video.mp4', 'default-video-cover.jpg', 1, 9),
    (40, '特殊进制的常量', '二进制数表现形式，八进制数表现形式，十六进制数表现形式。','default-video.mp4', 'default-video-cover.jpg', 2, 9),
    (41, '计算机计算原理', '原码，反码，补码，真正，Integer.toBinaryString()。','default-video.mp4', 'default-video-cover.jpg', 3, 9),
    (42, '变量的声明方式', '变量的声明方式，强类型，同行声明方式。','default-video.mp4', 'default-video-cover.jpg', 1, 10),
    (43, '变量的赋值方式', '变量的赋值方式，多次赋值会产生覆盖效果。','default-video.mp4', 'default-video-cover.jpg', 2, 10),
    (44, '变量的命名规范', '变量名的硬性要求，变量名的软性要求。','default-video.mp4', 'default-video-cover.jpg', 3, 10),
    (45, '代码的整洁之道', '代码沼泽困境，保证代码整洁的经验之谈。','default-video.mp4', 'default-video-cover.jpg', 4, 10),
    (46, '基本类型之整数', 'byte, short, int, long，存值范围，JavaC范围检查过程等。','default-video.mp4', 'default-video-cover.jpg', 1, 11),
    (47, '基本类型之浮点', 'float, double，浮点数默认类型，浮点数天生不精确等。','default-video.mp4', 'default-video-cover.jpg', 2, 11),
    (48, '基本类型之字符', 'char，存值范围，字符存储内容，JavaC范围检查过程等。','default-video.mp4', 'default-video-cover.jpg', 3, 11),
    (49, '基本类型之布尔', 'boolean，存值范围，二进制位中真实存储位置等。','default-video.mp4', 'default-video-cover.jpg', 4, 11),
    (50, '基本类型的转换', '强转格式，强转原则，char类型的转换过程，整数和浮点数的转换效果。','default-video.mp4', 'default-video-cover.jpg', 5, 11),
    (51, '跨类型计算原则', '测试不同类型之间计算，结果是否一定返回最大类型。','default-video.mp4', 'default-video-cover.jpg', 6, 11),
    (52, '计算结果的溢出', '为何最大值加1变最小值，最小值减1变最大值。','default-video.mp4', 'default-video-cover.jpg', 7, 11),
    (53, '引用类型字符串', '字符串完整声明格式，简易声明格式，底层数据结构等。','default-video.mp4', 'default-video-cover.jpg', 1, 12),
    (54, '字符串编程接口', 'API概念，API文档概念，API文档的使用方法，字符串常用API。','default-video.mp4', 'default-video-cover.jpg', 2, 12),
    (55, '正则表达式专题', 'RE的意义，RE字符，matches(), replaceAll(), split()。','default-video.mp4', 'default-video-cover.jpg', 3, 12),
    (56, '运行时数据区域', '栈，堆，内存地址，基本类型和引用类型在运行时数据区中的分布。','default-video.mp4', 'default-video-cover.jpg', 4, 12),
    (57, '引用的比较方式', '== 和 equals() 的比较。','default-video.mp4', 'default-video-cover.jpg', 5, 12),
    (58, '装箱和拆箱过程', '包装类，手动拆装箱，自动拆装箱，基本类型和引用类型的区别。','default-video.mp4', 'default-video-cover.jpg', 6, 12),
    (59, '数学相关运算符', '+, -, *, /, % 等数学运算符。','default-video.mp4', 'default-video-cover.jpg', 1, 13),
    (60, '赋值相关运算符', '=, +=, -=, *=, /*, %= 等赋值运算符。','default-video.mp4', 'default-video-cover.jpg', 2, 13),
    (61, '自我相关运算符', '++, -- 等自运算符。','default-video.mp4', 'default-video-cover.jpg', 3, 13),
    (62, '关系相关运算符', '>, <, >=, <=, != 等关系运算符。','default-video.mp4', 'default-video-cover.jpg', 4, 13),
    (63, '逻辑相关运算符', '&&, ! 等逻辑运算符。','default-video.mp4', 'default-video-cover.jpg', 5, 13),
    (64, '比特相关运算符', '&, ~, ^, <<, >>, >>> 等位运算符。','default-video.mp4', 'default-video-cover.jpg', 6, 13),
    (65, '三目逻辑运算符', 'X ? Y : Z 基础格式，结构特点，嵌套方式。','default-video.mp4', 'default-video-cover.jpg', 7, 13),
    (66, '选择之范围匹配', 'if(条件){ } elseif(条件){ } else{ } 基础格式。','default-video.mp4', 'default-video-cover.jpg', 1, 14),
    (67, '选择之定值匹配', 'switch(表达式){ case 匹配值: break; } 基础格式。','default-video.mp4', 'default-video-cover.jpg', 2, 14),
    (68, '仅知结束的条件', 'while(条件){ }, do{ }while(条件); 基础格式。','default-video.mp4', 'default-video-cover.jpg', 1, 15),
    (69, '仅知循环的次数', 'for( 初; 判; 变){ } 基础格式。','default-video.mp4', 'default-video-cover.jpg', 2, 15),
    (70, '单维度数组结构', '一维数组的声明与赋值。','default-video.mp4', 'default-video-cover.jpg', 1, 16),
    (71, '单维度数组遍历', 'forI, forE, Arrays.toString()。','default-video.mp4', 'default-video-cover.jpg', 2, 16),
    (72, '多维度数组结构', '二维数组的声明与赋值。','default-video.mp4', 'default-video-cover.jpg', 3, 16),
    (73, '多维度数组遍历', 'forI, forE, Arrays.deepToString()。','default-video.mp4', 'default-video-cover.jpg', 4, 16),
    (74, '万物皆为对象', '万事万物皆对象，对象具有唯一性，对象可以具有属性和方法。','default-video.mp4', 'default-video-cover.jpg', 1, 17),
    (75, '面向对象编程', '考虑问题时以具体的对象为单位，考虑其属性和方法，而非具体的实现流程。','default-video.mp4', 'default-video-cover.jpg', 2, 17),
    (76, '抽象编程思想', '抽选出一些我们比较关注的属性和方法的思想过程。','default-video.mp4', 'default-video-cover.jpg', 3, 17),
    (77, '封装最终产物', 'Java类是封装过程的产物，公共类，友元类，静态类。','default-video.mp4', 'default-video-cover.jpg', 1, 18),
    (78, '类的属性分类', '公共属性，受保护的属性，友元属性，私有属性，静态属性，常值属性。','default-video.mp4', 'default-video-cover.jpg', 2, 18),
    (79, '类的方法分类', '公共方法，受保护的方法，友元方法，私有方法，静态方法，不可重写方法。','default-video.mp4', 'default-video-cover.jpg', 3, 18),
    (80, '方法传参内容', '方法形参用于传递副本，方法实参用于传递引用。','default-video.mp4', 'default-video-cover.jpg', 4, 18),
    (81, '方法递归调用', '递归效果，递归效率，递归出口，递归和for循环的关系。','default-video.mp4', 'default-video-cover.jpg', 5, 18),
    (82, '类的初始化块', '类的静态块，类的动态块，类的构造器。','default-video.mp4', 'default-video-cover.jpg', 6, 18),
    (83, '继承基本原则', '继承的意义，继承的原则。','default-video.mp4', 'default-video-cover.jpg', 1, 19),
    (84, '父子类间调用', 'super.属性, super.方法(), super()。','default-video.mp4', 'default-video-cover.jpg', 2, 19),
    (85, '多态具体实现', '方法重载 overload，方法重写 override。','default-video.mp4', 'default-video-cover.jpg', 1, 20),
    (86, '动态绑定机制', 'instanceof，子类的实例可以使用父类类型接收。','default-video.mp4', 'default-video-cover.jpg', 2, 20),
    (87, '特殊之抽象类', '抽象类特点，抽象类适用场景。','default-video.mp4', 'default-video-cover.jpg', 1, 21),
    (88, '特殊之接口类', '接口类特点，default 方法，static 方法，接口类适用场景。','default-video.mp4', 'default-video-cover.jpg', 2, 21),
    (89, '特殊之枚举类', '枚举类特点，枚举属性重写，枚举类构造器，枚举类适用场景。','default-video.mp4', 'default-video-cover.jpg', 3, 21),
    (90, '特殊之内部类', '成员内部类，静态内部类，匿名内部类，内部类适用场景。','default-video.mp4', 'default-video-cover.jpg', 4, 21),
    (91, '特殊之注解类', '注解类特点，元注解，内置注解，自定义注解类，注解类适用场景。','default-video.mp4', 'default-video-cover.jpg', 5, 21),
    (92, '龙目岛工具类', 'lombok工具，@Data, @ToString, @AllArgsConstructor 等。','default-video.mp4', 'default-video-cover.jpg', 1, 22),
    (93, '拉姆达表达式', 'lambda表达式，函数式接口，4种用于接收lambda表达式的接口。','default-video.mp4', 'default-video-cover.jpg', 2, 22),
    (94, '异常基本结构', '异常概念，tryCatch结构。','default-video.mp4', 'default-video-cover.jpg', 1, 23),
    (95, '异常自动关闭', '自动关闭closeable实现类的异常格式。','default-video.mp4', 'default-video-cover.jpg', 2, 23),
    (96, '异常结果缓存', '异常中return关键字的效果。','default-video.mp4', 'default-video-cover.jpg', 3, 23),
    (97, '异常抛出方案', 'throws 与 throw。','default-video.mp4', 'default-video-cover.jpg', 4, 23),
    (98, '异常重写原则', 'Override中的异常重写原则。','default-video.mp4', 'default-video-cover.jpg', 5, 23),
    (99, '形参上的泛型', '泛型概念。','default-video.mp4', 'default-video-cover.jpg', 1, 24),
    (100, '泛型强制限定', '<?>, <? extends XX>, <? super XX>。','default-video.mp4', 'default-video-cover.jpg', 2, 24),
    (101, '常用序列容器', 'List, ArrayList, LinkedList, Vector。','default-video.mp4', 'default-video-cover.jpg', 1, 25),
    (102, '常用集合容器', 'Set, HashSet, TreeSet, EnumSet。','default-video.mp4', 'default-video-cover.jpg', 2, 25),
    (103, '常用映射容器', 'Map, HashMap, TreeMap, EnumMap。','default-video.mp4', 'default-video-cover.jpg', 3, 25),
    (104, '迭代器遍历法', 'Iterator','default-video.mp4', 'default-video-cover.jpg', 4, 25),
    (105, '获取类的对象', 'Class 的三种获取方式。','default-video.mp4', 'default-video-cover.jpg', 1, 26),
    (106, '反射构造方法', 'Constructor 的获取方式。','default-video.mp4', 'default-video-cover.jpg', 2, 26),
    (107, '反射成员属性', 'Field 的获取方式。','default-video.mp4', 'default-video-cover.jpg', 3, 26),
    (108, '反射成员方法', 'Method 的获取方式。','default-video.mp4', 'default-video-cover.jpg', 4, 26),
    (109, '反射方法泛型', 'Type, ParameterizedType 的获取方式。','default-video.mp4', 'default-video-cover.jpg', 5, 26),
    (110, '反射运行注解', 'Annotation 的获取方式。','default-video.mp4', 'default-video-cover.jpg', 6, 26),
    (111, '动态编译代码', 'JavaCompiler。','default-video.mp4', 'default-video-cover.jpg', 7, 26),
    (112, '动态运行代码', 'URLClassLoader','default-video.mp4', 'default-video-cover.jpg', 8, 26),
    (113, '流类之文件流', 'FileInputStream, FileWriter 等4种流。','default-video.mp4', 'default-video-cover.jpg', 1, 27),
    (114, '流类之缓冲流', 'BufferedInputStream, BufferedWriter 等4种流。','default-video.mp4', 'default-video-cover.jpg', 2, 27),
    (115, '流类之转换流', 'InputStreamReader, OutputStreamWriter 等2种流。','default-video.mp4', 'default-video-cover.jpg', 3, 27),
    (116, '流类之打印流', 'PrintStream, PrintWriter 等2种流。','default-video.mp4', 'default-video-cover.jpg', 4, 27),
    (117, '流类之数据流', 'DataOutputStream, DataInputStream 等2种流。','default-video.mp4', 'default-video-cover.jpg', 5, 27),
    (118, '流类之对象流', 'ObjectOutputStream, ObjectInputStream 等2种流。','default-video.mp4', 'default-video-cover.jpg', 6, 27),
    (119, '数学运算工具', 'Math, Random 等。','default-video.mp4', 'default-video-cover.jpg', 1, 28),
    (120, '字符拼接工具', '+, StringBuilder, StringBuffer 等。','default-video.mp4', 'default-video-cover.jpg', 2, 28),
    (121, '线性结构工具', 'Arrays, Stack, Queue, BitSet 等。','default-video.mp4', 'default-video-cover.jpg', 3, 28),
    (122, '日期时间工具', 'Date, DateFormat, LocalDate, Calendar 等。','default-video.mp4', 'default-video-cover.jpg', 4, 28),
    (123, '文件对象工具', 'File, RandomAccessFile, StandardCharsets, Paths, Files 等。','default-video.mp4', 'default-video-cover.jpg', 5, 28),
    (124, '空值处理工具', 'Optional 等。','default-video.mp4', 'default-video-cover.jpg', 6, 28),
    (125, '定时任务工具', 'Timer 等。','default-video.mp4', 'default-video-cover.jpg', 7, 28),
    (126, '流式编程工具', 'Stream 等。','default-video.mp4', 'default-video-cover.jpg', 8, 28);
-- comment
create table ml_cms.comment
(
    `id`            bigint auto_increment            comment '主键' primary key,
    `fk_episode_id` bigint                           comment '集次ID，集次表外键',
    `fk_user_id`    bigint                           comment '评论人ID，用户表外键',
    `nickname`      varchar(128) not null default '' comment '评论人昵称，冗余',
    `avatar`        varchar(128) not null default '' comment '评论人头像，冗余',
    `province`      varchar(128) not null default '' comment '评论人省份，冗余',
    `pid`           bigint       not null default 0  comment '父评论主键，0视为根节点',
    `content`       varchar(512) not null default '' comment '评论内容',
    `version`       bigint       not null default 0  comment '数据版本',
    `deleted`       tinyint      not null default 0  comment '0未删除，1已删除',
    `created`       datetime     not null default current_timestamp comment '创建时间',
    `updated`       datetime     not null default current_timestamp comment '修改时间'
) comment '评论表';
-- report
create table ml_cms.report
(
    `id`            bigint auto_increment            comment '主键' primary key,
    `fk_episode_id` bigint                           comment '集次ID，集次表外键',
    `fk_user_id`    bigint                           comment '举报人ID，用户表外键',
    `nickname`      varchar(128) not null default '' comment '举报人昵称，冗余',
    `content`       varchar(512) not null default '' comment '举报内容',
    `version`       bigint       not null default 0  comment '数据版本',
    `deleted`       tinyint      not null default 0  comment '0未删除，1已删除',
    `created`       datetime     not null default current_timestamp comment '创建时间',
    `updated`       datetime     not null default current_timestamp comment '修改时间'
) comment '举报表';
-- follow
create table ml_cms.follow
(
    `id`            bigint auto_increment            comment '主键' primary key,
    `fk_episode_id` bigint                           comment '集次ID，集次表外键',
    `fk_user_id`    bigint                           comment '收藏人ID，用户表外键',
    `nickname`      varchar(128) not null default '' comment '收藏人昵称，冗余',
    `version`       bigint       not null default 0  comment '数据版本',
    `deleted`       tinyint      not null default 0  comment '0未删除，1已删除',
    `created`       datetime     not null default current_timestamp comment '创建时间',
    `updated`       datetime     not null default current_timestamp comment '修改时间'
) comment '收藏表';
